X,Y,gid,Name,description
-45.8758338168368,-23.2127053931672,1,Polyline [D5C]:0,
