X,Y,gid,Name,description
-45.8651125785647,-23.1975653207687,1,Polyline [1D2B]:0,
