X,Y,Name,description
-122.085654575525,37.4224307740546,Roll over this icon,
