X,Y,gid,Name,description
-45.8800583959337,-23.2036687175304,1,Polyline [D00]:0,
